--
-- PostgreSQL database dump
--

SET statement_timeout = 0;
SET lock_timeout = 0;
SET client_encoding = 'UTF8';
SET standard_conforming_strings = on;
SET check_function_bodies = false;
SET client_min_messages = warning;

--
-- Name: plpgsql; Type: EXTENSION; Schema: -; Owner: 
--

CREATE EXTENSION IF NOT EXISTS plpgsql WITH SCHEMA pg_catalog;


--
-- Name: EXTENSION plpgsql; Type: COMMENT; Schema: -; Owner: 
--

COMMENT ON EXTENSION plpgsql IS 'PL/pgSQL procedural language';


SET search_path = public, pg_catalog;

SET default_tablespace = '';

SET default_with_oids = false;

--
-- Name: auth_group; Type: TABLE; Schema: public; Owner: bs_admin; Tablespace: 
--

CREATE TABLE auth_group (
    id integer NOT NULL,
    name character varying(80) NOT NULL
);


ALTER TABLE public.auth_group OWNER TO bs_admin;

--
-- Name: auth_group_id_seq; Type: SEQUENCE; Schema: public; Owner: bs_admin
--

CREATE SEQUENCE auth_group_id_seq
    START WITH 1
    INCREMENT BY 1
    NO MINVALUE
    NO MAXVALUE
    CACHE 1;


ALTER TABLE public.auth_group_id_seq OWNER TO bs_admin;

--
-- Name: auth_group_id_seq; Type: SEQUENCE OWNED BY; Schema: public; Owner: bs_admin
--

ALTER SEQUENCE auth_group_id_seq OWNED BY auth_group.id;


--
-- Name: auth_group_permissions; Type: TABLE; Schema: public; Owner: bs_admin; Tablespace: 
--

CREATE TABLE auth_group_permissions (
    id integer NOT NULL,
    group_id integer NOT NULL,
    permission_id integer NOT NULL
);


ALTER TABLE public.auth_group_permissions OWNER TO bs_admin;

--
-- Name: auth_group_permissions_id_seq; Type: SEQUENCE; Schema: public; Owner: bs_admin
--

CREATE SEQUENCE auth_group_permissions_id_seq
    START WITH 1
    INCREMENT BY 1
    NO MINVALUE
    NO MAXVALUE
    CACHE 1;


ALTER TABLE public.auth_group_permissions_id_seq OWNER TO bs_admin;

--
-- Name: auth_group_permissions_id_seq; Type: SEQUENCE OWNED BY; Schema: public; Owner: bs_admin
--

ALTER SEQUENCE auth_group_permissions_id_seq OWNED BY auth_group_permissions.id;


--
-- Name: auth_permission; Type: TABLE; Schema: public; Owner: bs_admin; Tablespace: 
--

CREATE TABLE auth_permission (
    id integer NOT NULL,
    name character varying(255) NOT NULL,
    content_type_id integer NOT NULL,
    codename character varying(100) NOT NULL
);


ALTER TABLE public.auth_permission OWNER TO bs_admin;

--
-- Name: auth_permission_id_seq; Type: SEQUENCE; Schema: public; Owner: bs_admin
--

CREATE SEQUENCE auth_permission_id_seq
    START WITH 1
    INCREMENT BY 1
    NO MINVALUE
    NO MAXVALUE
    CACHE 1;


ALTER TABLE public.auth_permission_id_seq OWNER TO bs_admin;

--
-- Name: auth_permission_id_seq; Type: SEQUENCE OWNED BY; Schema: public; Owner: bs_admin
--

ALTER SEQUENCE auth_permission_id_seq OWNED BY auth_permission.id;


--
-- Name: auth_user; Type: TABLE; Schema: public; Owner: bs_admin; Tablespace: 
--

CREATE TABLE auth_user (
    id integer NOT NULL,
    password character varying(128) NOT NULL,
    last_login timestamp with time zone,
    is_superuser boolean NOT NULL,
    username character varying(150) NOT NULL,
    first_name character varying(30) NOT NULL,
    last_name character varying(30) NOT NULL,
    email character varying(254) NOT NULL,
    is_staff boolean NOT NULL,
    is_active boolean NOT NULL,
    date_joined timestamp with time zone NOT NULL
);


ALTER TABLE public.auth_user OWNER TO bs_admin;

--
-- Name: auth_user_groups; Type: TABLE; Schema: public; Owner: bs_admin; Tablespace: 
--

CREATE TABLE auth_user_groups (
    id integer NOT NULL,
    user_id integer NOT NULL,
    group_id integer NOT NULL
);


ALTER TABLE public.auth_user_groups OWNER TO bs_admin;

--
-- Name: auth_user_groups_id_seq; Type: SEQUENCE; Schema: public; Owner: bs_admin
--

CREATE SEQUENCE auth_user_groups_id_seq
    START WITH 1
    INCREMENT BY 1
    NO MINVALUE
    NO MAXVALUE
    CACHE 1;


ALTER TABLE public.auth_user_groups_id_seq OWNER TO bs_admin;

--
-- Name: auth_user_groups_id_seq; Type: SEQUENCE OWNED BY; Schema: public; Owner: bs_admin
--

ALTER SEQUENCE auth_user_groups_id_seq OWNED BY auth_user_groups.id;


--
-- Name: auth_user_id_seq; Type: SEQUENCE; Schema: public; Owner: bs_admin
--

CREATE SEQUENCE auth_user_id_seq
    START WITH 1
    INCREMENT BY 1
    NO MINVALUE
    NO MAXVALUE
    CACHE 1;


ALTER TABLE public.auth_user_id_seq OWNER TO bs_admin;

--
-- Name: auth_user_id_seq; Type: SEQUENCE OWNED BY; Schema: public; Owner: bs_admin
--

ALTER SEQUENCE auth_user_id_seq OWNED BY auth_user.id;


--
-- Name: auth_user_user_permissions; Type: TABLE; Schema: public; Owner: bs_admin; Tablespace: 
--

CREATE TABLE auth_user_user_permissions (
    id integer NOT NULL,
    user_id integer NOT NULL,
    permission_id integer NOT NULL
);


ALTER TABLE public.auth_user_user_permissions OWNER TO bs_admin;

--
-- Name: auth_user_user_permissions_id_seq; Type: SEQUENCE; Schema: public; Owner: bs_admin
--

CREATE SEQUENCE auth_user_user_permissions_id_seq
    START WITH 1
    INCREMENT BY 1
    NO MINVALUE
    NO MAXVALUE
    CACHE 1;


ALTER TABLE public.auth_user_user_permissions_id_seq OWNER TO bs_admin;

--
-- Name: auth_user_user_permissions_id_seq; Type: SEQUENCE OWNED BY; Schema: public; Owner: bs_admin
--

ALTER SEQUENCE auth_user_user_permissions_id_seq OWNED BY auth_user_user_permissions.id;


--
-- Name: django_admin_log; Type: TABLE; Schema: public; Owner: bs_admin; Tablespace: 
--

CREATE TABLE django_admin_log (
    id integer NOT NULL,
    action_time timestamp with time zone NOT NULL,
    object_id text,
    object_repr character varying(200) NOT NULL,
    action_flag smallint NOT NULL,
    change_message text NOT NULL,
    content_type_id integer,
    user_id integer NOT NULL,
    CONSTRAINT django_admin_log_action_flag_check CHECK ((action_flag >= 0))
);


ALTER TABLE public.django_admin_log OWNER TO bs_admin;

--
-- Name: django_admin_log_id_seq; Type: SEQUENCE; Schema: public; Owner: bs_admin
--

CREATE SEQUENCE django_admin_log_id_seq
    START WITH 1
    INCREMENT BY 1
    NO MINVALUE
    NO MAXVALUE
    CACHE 1;


ALTER TABLE public.django_admin_log_id_seq OWNER TO bs_admin;

--
-- Name: django_admin_log_id_seq; Type: SEQUENCE OWNED BY; Schema: public; Owner: bs_admin
--

ALTER SEQUENCE django_admin_log_id_seq OWNED BY django_admin_log.id;


--
-- Name: django_content_type; Type: TABLE; Schema: public; Owner: bs_admin; Tablespace: 
--

CREATE TABLE django_content_type (
    id integer NOT NULL,
    app_label character varying(100) NOT NULL,
    model character varying(100) NOT NULL
);


ALTER TABLE public.django_content_type OWNER TO bs_admin;

--
-- Name: django_content_type_id_seq; Type: SEQUENCE; Schema: public; Owner: bs_admin
--

CREATE SEQUENCE django_content_type_id_seq
    START WITH 1
    INCREMENT BY 1
    NO MINVALUE
    NO MAXVALUE
    CACHE 1;


ALTER TABLE public.django_content_type_id_seq OWNER TO bs_admin;

--
-- Name: django_content_type_id_seq; Type: SEQUENCE OWNED BY; Schema: public; Owner: bs_admin
--

ALTER SEQUENCE django_content_type_id_seq OWNED BY django_content_type.id;


--
-- Name: django_migrations; Type: TABLE; Schema: public; Owner: bs_admin; Tablespace: 
--

CREATE TABLE django_migrations (
    id integer NOT NULL,
    app character varying(255) NOT NULL,
    name character varying(255) NOT NULL,
    applied timestamp with time zone NOT NULL
);


ALTER TABLE public.django_migrations OWNER TO bs_admin;

--
-- Name: django_migrations_id_seq; Type: SEQUENCE; Schema: public; Owner: bs_admin
--

CREATE SEQUENCE django_migrations_id_seq
    START WITH 1
    INCREMENT BY 1
    NO MINVALUE
    NO MAXVALUE
    CACHE 1;


ALTER TABLE public.django_migrations_id_seq OWNER TO bs_admin;

--
-- Name: django_migrations_id_seq; Type: SEQUENCE OWNED BY; Schema: public; Owner: bs_admin
--

ALTER SEQUENCE django_migrations_id_seq OWNED BY django_migrations.id;


--
-- Name: django_session; Type: TABLE; Schema: public; Owner: bs_admin; Tablespace: 
--

CREATE TABLE django_session (
    session_key character varying(40) NOT NULL,
    session_data text NOT NULL,
    expire_date timestamp with time zone NOT NULL
);


ALTER TABLE public.django_session OWNER TO bs_admin;

--
-- Name: lessons_book; Type: TABLE; Schema: public; Owner: bs_admin; Tablespace: 
--

CREATE TABLE lessons_book (
    id integer NOT NULL,
    name character varying(200) NOT NULL,
    slug character varying(50) NOT NULL,
    link character varying(80) NOT NULL,
    author character varying(40) NOT NULL,
    year smallint NOT NULL
);


ALTER TABLE public.lessons_book OWNER TO bs_admin;

--
-- Name: lessons_book_id_seq; Type: SEQUENCE; Schema: public; Owner: bs_admin
--

CREATE SEQUENCE lessons_book_id_seq
    START WITH 1
    INCREMENT BY 1
    NO MINVALUE
    NO MAXVALUE
    CACHE 1;


ALTER TABLE public.lessons_book_id_seq OWNER TO bs_admin;

--
-- Name: lessons_book_id_seq; Type: SEQUENCE OWNED BY; Schema: public; Owner: bs_admin
--

ALTER SEQUENCE lessons_book_id_seq OWNED BY lessons_book.id;


--
-- Name: lessons_lesson; Type: TABLE; Schema: public; Owner: bs_admin; Tablespace: 
--

CREATE TABLE lessons_lesson (
    id integer NOT NULL,
    numb smallint NOT NULL,
    name character varying(40) NOT NULL,
    "desc" text NOT NULL,
    template character varying(80) NOT NULL,
    prn_id integer NOT NULL,
    part smallint NOT NULL
);


ALTER TABLE public.lessons_lesson OWNER TO bs_admin;

--
-- Name: lessons_lesson_id_seq; Type: SEQUENCE; Schema: public; Owner: bs_admin
--

CREATE SEQUENCE lessons_lesson_id_seq
    START WITH 1
    INCREMENT BY 1
    NO MINVALUE
    NO MAXVALUE
    CACHE 1;


ALTER TABLE public.lessons_lesson_id_seq OWNER TO bs_admin;

--
-- Name: lessons_lesson_id_seq; Type: SEQUENCE OWNED BY; Schema: public; Owner: bs_admin
--

ALTER SEQUENCE lessons_lesson_id_seq OWNED BY lessons_lesson.id;


--
-- Name: lessons_lesson_tags; Type: TABLE; Schema: public; Owner: bs_admin; Tablespace: 
--

CREATE TABLE lessons_lesson_tags (
    id integer NOT NULL,
    lesson_id integer NOT NULL,
    tag_id integer NOT NULL
);


ALTER TABLE public.lessons_lesson_tags OWNER TO bs_admin;

--
-- Name: lessons_lesson_tags_id_seq; Type: SEQUENCE; Schema: public; Owner: bs_admin
--

CREATE SEQUENCE lessons_lesson_tags_id_seq
    START WITH 1
    INCREMENT BY 1
    NO MINVALUE
    NO MAXVALUE
    CACHE 1;


ALTER TABLE public.lessons_lesson_tags_id_seq OWNER TO bs_admin;

--
-- Name: lessons_lesson_tags_id_seq; Type: SEQUENCE OWNED BY; Schema: public; Owner: bs_admin
--

ALTER SEQUENCE lessons_lesson_tags_id_seq OWNED BY lessons_lesson_tags.id;


--
-- Name: lessons_tag; Type: TABLE; Schema: public; Owner: bs_admin; Tablespace: 
--

CREATE TABLE lessons_tag (
    id integer NOT NULL,
    name character varying(20) NOT NULL,
    slug character varying(50) NOT NULL
);


ALTER TABLE public.lessons_tag OWNER TO bs_admin;

--
-- Name: lessons_tag_id_seq; Type: SEQUENCE; Schema: public; Owner: bs_admin
--

CREATE SEQUENCE lessons_tag_id_seq
    START WITH 1
    INCREMENT BY 1
    NO MINVALUE
    NO MAXVALUE
    CACHE 1;


ALTER TABLE public.lessons_tag_id_seq OWNER TO bs_admin;

--
-- Name: lessons_tag_id_seq; Type: SEQUENCE OWNED BY; Schema: public; Owner: bs_admin
--

ALTER SEQUENCE lessons_tag_id_seq OWNED BY lessons_tag.id;


--
-- Name: id; Type: DEFAULT; Schema: public; Owner: bs_admin
--

ALTER TABLE ONLY auth_group ALTER COLUMN id SET DEFAULT nextval('auth_group_id_seq'::regclass);


--
-- Name: id; Type: DEFAULT; Schema: public; Owner: bs_admin
--

ALTER TABLE ONLY auth_group_permissions ALTER COLUMN id SET DEFAULT nextval('auth_group_permissions_id_seq'::regclass);


--
-- Name: id; Type: DEFAULT; Schema: public; Owner: bs_admin
--

ALTER TABLE ONLY auth_permission ALTER COLUMN id SET DEFAULT nextval('auth_permission_id_seq'::regclass);


--
-- Name: id; Type: DEFAULT; Schema: public; Owner: bs_admin
--

ALTER TABLE ONLY auth_user ALTER COLUMN id SET DEFAULT nextval('auth_user_id_seq'::regclass);


--
-- Name: id; Type: DEFAULT; Schema: public; Owner: bs_admin
--

ALTER TABLE ONLY auth_user_groups ALTER COLUMN id SET DEFAULT nextval('auth_user_groups_id_seq'::regclass);


--
-- Name: id; Type: DEFAULT; Schema: public; Owner: bs_admin
--

ALTER TABLE ONLY auth_user_user_permissions ALTER COLUMN id SET DEFAULT nextval('auth_user_user_permissions_id_seq'::regclass);


--
-- Name: id; Type: DEFAULT; Schema: public; Owner: bs_admin
--

ALTER TABLE ONLY django_admin_log ALTER COLUMN id SET DEFAULT nextval('django_admin_log_id_seq'::regclass);


--
-- Name: id; Type: DEFAULT; Schema: public; Owner: bs_admin
--

ALTER TABLE ONLY django_content_type ALTER COLUMN id SET DEFAULT nextval('django_content_type_id_seq'::regclass);


--
-- Name: id; Type: DEFAULT; Schema: public; Owner: bs_admin
--

ALTER TABLE ONLY django_migrations ALTER COLUMN id SET DEFAULT nextval('django_migrations_id_seq'::regclass);


--
-- Name: id; Type: DEFAULT; Schema: public; Owner: bs_admin
--

ALTER TABLE ONLY lessons_book ALTER COLUMN id SET DEFAULT nextval('lessons_book_id_seq'::regclass);


--
-- Name: id; Type: DEFAULT; Schema: public; Owner: bs_admin
--

ALTER TABLE ONLY lessons_lesson ALTER COLUMN id SET DEFAULT nextval('lessons_lesson_id_seq'::regclass);


--
-- Name: id; Type: DEFAULT; Schema: public; Owner: bs_admin
--

ALTER TABLE ONLY lessons_lesson_tags ALTER COLUMN id SET DEFAULT nextval('lessons_lesson_tags_id_seq'::regclass);


--
-- Name: id; Type: DEFAULT; Schema: public; Owner: bs_admin
--

ALTER TABLE ONLY lessons_tag ALTER COLUMN id SET DEFAULT nextval('lessons_tag_id_seq'::regclass);


--
-- Data for Name: auth_group; Type: TABLE DATA; Schema: public; Owner: bs_admin
--

COPY auth_group (id, name) FROM stdin;
\.


--
-- Name: auth_group_id_seq; Type: SEQUENCE SET; Schema: public; Owner: bs_admin
--

SELECT pg_catalog.setval('auth_group_id_seq', 1, false);


--
-- Data for Name: auth_group_permissions; Type: TABLE DATA; Schema: public; Owner: bs_admin
--

COPY auth_group_permissions (id, group_id, permission_id) FROM stdin;
\.


--
-- Name: auth_group_permissions_id_seq; Type: SEQUENCE SET; Schema: public; Owner: bs_admin
--

SELECT pg_catalog.setval('auth_group_permissions_id_seq', 1, false);


--
-- Data for Name: auth_permission; Type: TABLE DATA; Schema: public; Owner: bs_admin
--

COPY auth_permission (id, name, content_type_id, codename) FROM stdin;
1	Can add log entry	1	add_logentry
2	Can change log entry	1	change_logentry
3	Can delete log entry	1	delete_logentry
4	Can add permission	2	add_permission
5	Can change permission	2	change_permission
6	Can delete permission	2	delete_permission
7	Can add user	3	add_user
8	Can change user	3	change_user
9	Can delete user	3	delete_user
10	Can add group	4	add_group
11	Can change group	4	change_group
12	Can delete group	4	delete_group
13	Can add content type	5	add_contenttype
14	Can change content type	5	change_contenttype
15	Can delete content type	5	delete_contenttype
16	Can add session	6	add_session
17	Can change session	6	change_session
18	Can delete session	6	delete_session
19	Can add Тег	7	add_tag
20	Can change Тег	7	change_tag
21	Can delete Тег	7	delete_tag
22	Can add Урок	8	add_lesson
23	Can change Урок	8	change_lesson
24	Can delete Урок	8	delete_lesson
25	Can add Книга (Видеокурс)	9	add_book
26	Can change Книга (Видеокурс)	9	change_book
27	Can delete Книга (Видеокурс)	9	delete_book
\.


--
-- Name: auth_permission_id_seq; Type: SEQUENCE SET; Schema: public; Owner: bs_admin
--

SELECT pg_catalog.setval('auth_permission_id_seq', 27, true);


--
-- Data for Name: auth_user; Type: TABLE DATA; Schema: public; Owner: bs_admin
--

COPY auth_user (id, password, last_login, is_superuser, username, first_name, last_name, email, is_staff, is_active, date_joined) FROM stdin;
1	pbkdf2_sha256$30000$fGwCntJvu2T1$+gYOqXdNsYZVT5HkTWLsEHK74v4nqCIFNVvg35j5oAQ=	2017-02-06 06:50:41.430113+00	t	Polgur			polgur@inbox.ru	t	t	2017-02-05 06:57:40.719494+00
\.


--
-- Data for Name: auth_user_groups; Type: TABLE DATA; Schema: public; Owner: bs_admin
--

COPY auth_user_groups (id, user_id, group_id) FROM stdin;
\.


--
-- Name: auth_user_groups_id_seq; Type: SEQUENCE SET; Schema: public; Owner: bs_admin
--

SELECT pg_catalog.setval('auth_user_groups_id_seq', 1, false);


--
-- Name: auth_user_id_seq; Type: SEQUENCE SET; Schema: public; Owner: bs_admin
--

SELECT pg_catalog.setval('auth_user_id_seq', 1, true);


--
-- Data for Name: auth_user_user_permissions; Type: TABLE DATA; Schema: public; Owner: bs_admin
--

COPY auth_user_user_permissions (id, user_id, permission_id) FROM stdin;
\.


--
-- Name: auth_user_user_permissions_id_seq; Type: SEQUENCE SET; Schema: public; Owner: bs_admin
--

SELECT pg_catalog.setval('auth_user_user_permissions_id_seq', 1, false);


--
-- Data for Name: django_admin_log; Type: TABLE DATA; Schema: public; Owner: bs_admin
--

COPY django_admin_log (id, action_time, object_id, object_repr, action_flag, change_message, content_type_id, user_id) FROM stdin;
1	2017-02-05 07:03:16.404572+00	1	Сетка	1	[{"added": {}}]	7	1
2	2017-02-05 07:08:34.162623+00	1	Фреймворк Bootstrap: Практика Адаптивной	1	[{"added": {}}]	9	1
3	2017-02-05 07:14:14.241323+00	1	Фреймворк Bootstrap: Практика Адаптивной	2	[{"added": {"object": "\\u0421\\u0435\\u0442\\u043a\\u0430 Bootstrap. \\u041f\\u0440\\u0430\\u043a\\u0442\\u0438\\u043a\\u0430. \\u0427\\u0430\\u0441\\u0442\\u044c 1", "name": "\\u0423\\u0440\\u043e\\u043a"}}]	9	1
4	2017-02-05 07:57:29.553372+00	1	Фреймворк Bootstrap: Практика Адаптивной	2	[{"changed": {"name": "\\u0423\\u0440\\u043e\\u043a", "fields": ["template"], "object": "\\u0421\\u0435\\u0442\\u043a\\u0430 Bootstrap. \\u041f\\u0440\\u0430\\u043a\\u0442\\u0438\\u043a\\u0430. \\u0427\\u0430\\u0441\\u0442\\u044c 1"}}]	9	1
5	2017-02-05 08:02:57.536241+00	1	Фреймворк Bootstrap: Практика Адаптивной	2	[{"changed": {"name": "\\u0423\\u0440\\u043e\\u043a", "fields": ["template"], "object": "\\u0421\\u0435\\u0442\\u043a\\u0430 Bootstrap. \\u041f\\u0440\\u0430\\u043a\\u0442\\u0438\\u043a\\u0430. \\u0427\\u0430\\u0441\\u0442\\u044c 1"}}]	9	1
6	2017-02-05 08:13:04.166634+00	1	Фреймворк Bootstrap: Практика Адаптивной	2	[{"changed": {"name": "\\u0423\\u0440\\u043e\\u043a", "fields": ["template"], "object": "\\u0421\\u0435\\u0442\\u043a\\u0430 Bootstrap. \\u041f\\u0440\\u0430\\u043a\\u0442\\u0438\\u043a\\u0430. \\u0427\\u0430\\u0441\\u0442\\u044c 1"}}]	9	1
7	2017-02-05 08:21:10.162298+00	1	Фреймворк Bootstrap: Практика Адаптивной	2	[{"changed": {"name": "\\u0423\\u0440\\u043e\\u043a", "fields": ["template"], "object": "\\u0421\\u0435\\u0442\\u043a\\u0430 Bootstrap. \\u041f\\u0440\\u0430\\u043a\\u0442\\u0438\\u043a\\u0430. \\u0427\\u0430\\u0441\\u0442\\u044c 1"}}]	9	1
8	2017-02-05 11:24:32.385528+00	1	Фреймворк Bootstrap: Практика Адаптивной	2	[{"changed": {"fields": ["desc"], "object": "\\u0421\\u0435\\u0442\\u043a\\u0430 Bootstrap. \\u041f\\u0440\\u0430\\u043a\\u0442\\u0438\\u043a\\u0430. \\u0427\\u0430\\u0441\\u0442\\u044c 1", "name": "\\u0423\\u0440\\u043e\\u043a"}}]	9	1
9	2017-02-05 11:40:44.37389+00	1	Фреймворк Bootstrap: Практика Адаптивной	2	[{"changed": {"fields": ["desc"], "object": "\\u0421\\u0435\\u0442\\u043a\\u0430 Bootstrap. \\u041f\\u0440\\u0430\\u043a\\u0442\\u0438\\u043a\\u0430. \\u0427\\u0430\\u0441\\u0442\\u044c 1", "name": "\\u0423\\u0440\\u043e\\u043a"}}]	9	1
10	2017-02-05 11:42:33.609012+00	1	Фреймворк Bootstrap: Практика Адаптивной	2	[{"added": {"object": "\\u0421\\u0435\\u0442\\u043a\\u0430 Bootstrap. \\u041f\\u0440\\u0430\\u043a\\u0442\\u0438\\u043a\\u0430. \\u0427\\u0430\\u0441\\u0442\\u044c 2", "name": "\\u0423\\u0440\\u043e\\u043a"}}]	9	1
11	2017-02-05 11:50:59.470757+00	1	Фреймворк Bootstrap: Практика Адаптивной Верстки От А До Я	2	[{"changed": {"fields": ["name"]}}]	9	1
12	2017-02-05 11:52:34.646977+00	1	Фреймворк Bootstrap: Практика Адаптивной Верстки От А До Я	2	[{"changed": {"name": "\\u0423\\u0440\\u043e\\u043a", "fields": ["desc"], "object": "\\u0421\\u0435\\u0442\\u043a\\u0430 Bootstrap. \\u041f\\u0440\\u0430\\u043a\\u0442\\u0438\\u043a\\u0430. \\u0427\\u0430\\u0441\\u0442\\u044c 2"}}]	9	1
13	2017-02-05 13:30:50.495572+00	1	Фреймворк Bootstrap: Практика Адаптивной Верстки От А До Я	2	[{"changed": {"name": "\\u0423\\u0440\\u043e\\u043a", "fields": ["desc"], "object": "\\u0421\\u0435\\u0442\\u043a\\u0430 Bootstrap. \\u041f\\u0440\\u0430\\u043a\\u0442\\u0438\\u043a\\u0430. \\u0427\\u0430\\u0441\\u0442\\u044c 2"}}]	9	1
14	2017-02-05 13:35:18.352073+00	1	Фреймворк Bootstrap: Практика Адаптивной Верстки От А До Я	2	[{"added": {"name": "\\u0423\\u0440\\u043e\\u043a", "object": "\\u0421\\u0435\\u0442\\u043a\\u0430 Bootstrap. \\u0412\\u0435\\u0440\\u0441\\u0442\\u043a\\u0430 \\u041f\\u0440\\u043e\\u0441\\u0442\\u043e\\u0433\\u043e \\u041c\\u0430\\u043a\\u0435\\u0442\\u0430"}}]	9	1
15	2017-02-05 14:07:55.568371+00	1	Фреймворк Bootstrap: Практика Адаптивной Верстки От А До Я	2	[{"changed": {"name": "\\u0423\\u0440\\u043e\\u043a", "fields": ["desc"], "object": "\\u0421\\u0435\\u0442\\u043a\\u0430 Bootstrap. \\u0412\\u0435\\u0440\\u0441\\u0442\\u043a\\u0430 \\u041f\\u0440\\u043e\\u0441\\u0442\\u043e\\u0433\\u043e \\u041c\\u0430\\u043a\\u0435\\u0442\\u0430"}}]	9	1
16	2017-02-05 14:12:09.369565+00	2	Компоненты	1	[{"added": {}}]	7	1
17	2017-02-05 14:12:21.829436+00	1	Фреймворк Bootstrap: Практика Адаптивной Верстки От А До Я	2	[{"added": {"name": "\\u0423\\u0440\\u043e\\u043a", "object": "\\u041a\\u043e\\u043c\\u043f\\u043e\\u043d\\u0435\\u043d\\u0442\\u044b Bootstrap"}}]	9	1
18	2017-02-05 14:58:48.694241+00	1	Фреймворк Bootstrap: Практика Адаптивной Верстки От А До Я	2	[{"changed": {"name": "\\u0423\\u0440\\u043e\\u043a", "fields": ["desc"], "object": "\\u041a\\u043e\\u043c\\u043f\\u043e\\u043d\\u0435\\u043d\\u0442\\u044b Bootstrap"}}]	9	1
19	2017-02-06 06:51:31.920991+00	3	Кастомизация	1	[{"added": {}}]	7	1
20	2017-02-06 06:51:51.634396+00	1	Фреймворк Bootstrap: Практика Адаптивной Верстки От А До Я	2	[{"added": {"object": "\\u041a\\u0430\\u0441\\u0442\\u043e\\u043c\\u0438\\u0437\\u0430\\u0446\\u0438\\u044f Bootstrap. \\u0427\\u0430\\u0441\\u0442\\u044c 1", "name": "\\u0423\\u0440\\u043e\\u043a"}}]	9	1
21	2017-02-06 10:47:47.47701+00	4	Psd Макет	1	[{"added": {}}]	7	1
22	2017-02-06 10:48:02.204913+00	1	Фреймворк Bootstrap: Практика Адаптивной Верстки От А До Я	2	[{"added": {"object": "\\u0410\\u043d\\u0430\\u043b\\u0438\\u0437 \\u0428\\u0430\\u0431\\u043b\\u043e\\u043d\\u0430", "name": "\\u0423\\u0440\\u043e\\u043a"}}]	9	1
23	2017-02-08 06:25:35.626926+00	5	Navbar	1	[{"added": {}}]	7	1
24	2017-02-08 06:25:44.804321+00	1	Фреймворк Bootstrap: Практика Адаптивной Верстки От А До Я	2	[{"added": {"object": "\\u0412\\u0435\\u0440\\u0441\\u0442\\u043a\\u0430 \\u0412\\u0435\\u0440\\u0445\\u043d\\u0435\\u0433\\u043e \\u041c\\u0435\\u043d\\u044e", "name": "\\u0423\\u0440\\u043e\\u043a"}}]	9	1
25	2017-02-08 06:59:34.488486+00	1	Фреймворк Bootstrap: Практика Адаптивной Верстки От А До Я	2	[{"added": {"name": "\\u0423\\u0440\\u043e\\u043a", "object": "\\u041e\\u0444\\u043e\\u0440\\u043c\\u043b\\u0435\\u043d\\u0438\\u0435 \\u0412\\u0435\\u0440\\u0445\\u043d\\u0435\\u0433\\u043e \\u041c\\u0435\\u043d\\u044e"}}]	9	1
26	2017-02-08 09:24:59.929811+00	1	Фреймворк Bootstrap: Практика Адаптивной Верстки От А До Я	2	[{"added": {"name": "\\u0423\\u0440\\u043e\\u043a", "object": "\\u0423\\u0441\\u0442\\u0430\\u043d\\u043e\\u0432\\u043a\\u0430 \\u0421\\u043b\\u0430\\u0439\\u0434\\u0435\\u0440\\u0430"}}]	9	1
27	2017-02-08 11:03:26.122559+00	6	Слайдер	1	[{"added": {}}]	7	1
28	2017-02-08 11:05:23.775294+00	1	Фреймворк Bootstrap: Практика Адаптивной Верстки От А До Я	2	[{"added": {"object": "\\u041c\\u0435\\u043d\\u044f\\u0435\\u043c \\u042d\\u0444\\u0444\\u0435\\u043a\\u0442 \\u0421\\u043b\\u0430\\u0439\\u0434\\u0435\\u0440\\u0430", "name": "\\u0423\\u0440\\u043e\\u043a"}}, {"changed": {"fields": ["tags"], "object": "\\u0423\\u0441\\u0442\\u0430\\u043d\\u043e\\u0432\\u043a\\u0430 \\u0421\\u043b\\u0430\\u0439\\u0434\\u0435\\u0440\\u0430", "name": "\\u0423\\u0440\\u043e\\u043a"}}]	9	1
29	2017-02-08 11:05:39.526944+00	1	Фреймворк Bootstrap: Практика Адаптивной Верстки От А До Я	2	[{"changed": {"fields": ["tags"], "object": "\\u041c\\u0435\\u043d\\u044f\\u0435\\u043c \\u042d\\u0444\\u0444\\u0435\\u043a\\u0442 \\u0421\\u043b\\u0430\\u0439\\u0434\\u0435\\u0440\\u0430", "name": "\\u0423\\u0440\\u043e\\u043a"}}]	9	1
30	2017-02-08 11:18:26.533688+00	1	Фреймворк Bootstrap: Практика Адаптивной Верстки От А До Я	2	[{"changed": {"fields": ["desc"], "object": "\\u041c\\u0435\\u043d\\u044f\\u0435\\u043c \\u042d\\u0444\\u0444\\u0435\\u043a\\u0442 \\u0421\\u043b\\u0430\\u0439\\u0434\\u0435\\u0440\\u0430", "name": "\\u0423\\u0440\\u043e\\u043a"}}]	9	1
31	2017-02-08 11:28:48.304595+00	1	Фреймворк Bootstrap: Практика Адаптивной Верстки От А До Я	2	[{"added": {"object": "\\u0414\\u043e\\u0431\\u0430\\u0432\\u043b\\u0435\\u043d\\u0438\\u0435 \\u041a\\u043e\\u043d\\u0442\\u0435\\u043d\\u0442\\u0430 \\u0421\\u043b\\u0430\\u0439\\u0434\\u0435\\u0440\\u0430", "name": "\\u0423\\u0440\\u043e\\u043a"}}]	9	1
\.


--
-- Name: django_admin_log_id_seq; Type: SEQUENCE SET; Schema: public; Owner: bs_admin
--

SELECT pg_catalog.setval('django_admin_log_id_seq', 31, true);


--
-- Data for Name: django_content_type; Type: TABLE DATA; Schema: public; Owner: bs_admin
--

COPY django_content_type (id, app_label, model) FROM stdin;
1	admin	logentry
2	auth	permission
3	auth	user
4	auth	group
5	contenttypes	contenttype
6	sessions	session
7	lessons	tag
8	lessons	lesson
9	lessons	book
\.


--
-- Name: django_content_type_id_seq; Type: SEQUENCE SET; Schema: public; Owner: bs_admin
--

SELECT pg_catalog.setval('django_content_type_id_seq', 9, true);


--
-- Data for Name: django_migrations; Type: TABLE DATA; Schema: public; Owner: bs_admin
--

COPY django_migrations (id, app, name, applied) FROM stdin;
1	contenttypes	0001_initial	2017-02-05 06:57:10.350987+00
2	auth	0001_initial	2017-02-05 06:57:10.389475+00
3	admin	0001_initial	2017-02-05 06:57:10.410548+00
4	admin	0002_logentry_remove_auto_add	2017-02-05 06:57:10.421945+00
5	contenttypes	0002_remove_content_type_name	2017-02-05 06:57:10.446436+00
6	auth	0002_alter_permission_name_max_length	2017-02-05 06:57:10.455727+00
7	auth	0003_alter_user_email_max_length	2017-02-05 06:57:10.466319+00
8	auth	0004_alter_user_username_opts	2017-02-05 06:57:10.475644+00
9	auth	0005_alter_user_last_login_null	2017-02-05 06:57:10.498492+00
10	auth	0006_require_contenttypes_0002	2017-02-05 06:57:10.500041+00
11	auth	0007_alter_validators_add_error_messages	2017-02-05 06:57:10.50882+00
12	auth	0008_alter_user_username_max_length	2017-02-05 06:57:10.520375+00
13	lessons	0001_initial	2017-02-05 06:57:10.553624+00
14	sessions	0001_initial	2017-02-05 06:57:10.560435+00
15	lessons	0002_auto_20170205_0706	2017-02-05 07:06:30.697204+00
16	lessons	0003_lesson_part	2017-02-05 07:13:19.877944+00
17	lessons	0004_remove_lesson_slug	2017-02-05 11:45:45.39976+00
18	lessons	0005_auto_20170205_1150	2017-02-05 11:50:19.761058+00
\.


--
-- Name: django_migrations_id_seq; Type: SEQUENCE SET; Schema: public; Owner: bs_admin
--

SELECT pg_catalog.setval('django_migrations_id_seq', 18, true);


--
-- Data for Name: django_session; Type: TABLE DATA; Schema: public; Owner: bs_admin
--

COPY django_session (session_key, session_data, expire_date) FROM stdin;
1t1a63d1gcvatbt5r7jrlghwwuvg1eyl	NDZjMDM2N2ZlODRiZTRlMTViMGJiMmY1ZWUwNGJlNjczZmU0ODdmMDp7Il9hdXRoX3VzZXJfYmFja2VuZCI6ImRqYW5nby5jb250cmliLmF1dGguYmFja2VuZHMuTW9kZWxCYWNrZW5kIiwiX2F1dGhfdXNlcl9oYXNoIjoiNTQxOWUzODYwM2VhYTE1NDU4ZWIzZmVjNDYxZmQ4YzQwYzU2OGI4NSIsIl9hdXRoX3VzZXJfaWQiOiIxIn0=	2017-02-19 06:58:23.81006+00
cyss3eun8cr1wt4dc5zg27j58fpxb0r9	YWIyMmYxYmEyMjViMGVkZmQxZWI4NjdkNzM0ZGE2MGMxOGFmNmU4MTp7Il9hdXRoX3VzZXJfaGFzaCI6IjU0MTllMzg2MDNlYWExNTQ1OGViM2ZlYzQ2MWZkOGM0MGM1NjhiODUiLCJfYXV0aF91c2VyX2JhY2tlbmQiOiJkamFuZ28uY29udHJpYi5hdXRoLmJhY2tlbmRzLk1vZGVsQmFja2VuZCIsIl9hdXRoX3VzZXJfaWQiOiIxIn0=	2017-02-20 06:50:41.44005+00
\.


--
-- Data for Name: lessons_book; Type: TABLE DATA; Schema: public; Owner: bs_admin
--

COPY lessons_book (id, name, slug, link, author, year) FROM stdin;
1	Фреймворк Bootstrap: практика адаптивной верстки от А до Я	kudlai_practice	webformyself.com/bootstrap/	Андрей Кудлай	2015
\.


--
-- Name: lessons_book_id_seq; Type: SEQUENCE SET; Schema: public; Owner: bs_admin
--

SELECT pg_catalog.setval('lessons_book_id_seq', 1, true);


--
-- Data for Name: lessons_lesson; Type: TABLE DATA; Schema: public; Owner: bs_admin
--

COPY lessons_lesson (id, numb, name, "desc", template, prn_id, part) FROM stdin;
1	4	Сетка Bootstrap. Практика. Часть 1	Сетка, разбор документации.\r\nОбтекания (с 15 минуты)	kudl/p1l4	1	1
2	5	Сетка Bootstrap. Практика. Часть 2	Сетка, разбор документации.\r\nОтступы.\r\nВложенные колонки.\r\npush и pull для sidebar в мобильной версии.\r\nОбтекания для родительских классов.	kudl/p1l5	1	1
3	6	Сетка Bootstrap. Верстка простого макета	Простой макет.	kudl/p1l6	1	1
4	7	Компоненты bootstrap	Компоненты:\r\nТаблицы.\r\nФормы.	kudl/p1l7	1	1
5	8	Кастомизация Bootstrap. Часть 1	Кастомизация	kudl/p1l8	1	1
6	1	Анализ шаблона	Анализ макета	kudl/p2l1	1	2
7	2	Верстка верхнего меню	Верстка верхнего меню	kudl/p2l1	1	2
8	3	Оформление верхнего меню	Оформление верхнего меню	kudl/p2l1	1	2
9	4	Установка слайдера	Установка слайдера	kudl/p2l1	1	2
10	5	Меняем эффект слайдера	Меняем эффект слайдера.\r\nДобавляем эффект fade.	kudl/p2l1	1	2
11	6	Добавление контента слайдера	Добавление контента слайдера	kudl/p2l1	1	2
\.


--
-- Name: lessons_lesson_id_seq; Type: SEQUENCE SET; Schema: public; Owner: bs_admin
--

SELECT pg_catalog.setval('lessons_lesson_id_seq', 11, true);


--
-- Data for Name: lessons_lesson_tags; Type: TABLE DATA; Schema: public; Owner: bs_admin
--

COPY lessons_lesson_tags (id, lesson_id, tag_id) FROM stdin;
1	1	1
2	2	1
3	3	1
4	4	2
5	5	3
6	6	4
7	7	5
8	8	5
9	9	6
10	10	6
11	11	6
\.


--
-- Name: lessons_lesson_tags_id_seq; Type: SEQUENCE SET; Schema: public; Owner: bs_admin
--

SELECT pg_catalog.setval('lessons_lesson_tags_id_seq', 11, true);


--
-- Data for Name: lessons_tag; Type: TABLE DATA; Schema: public; Owner: bs_admin
--

COPY lessons_tag (id, name, slug) FROM stdin;
1	сетка	grid
2	Компоненты	components
3	Кастомизация	custom
4	psd макет	psd
5	navbar	navbar
6	Слайдер	slider
\.


--
-- Name: lessons_tag_id_seq; Type: SEQUENCE SET; Schema: public; Owner: bs_admin
--

SELECT pg_catalog.setval('lessons_tag_id_seq', 6, true);


--
-- Name: auth_group_name_key; Type: CONSTRAINT; Schema: public; Owner: bs_admin; Tablespace: 
--

ALTER TABLE ONLY auth_group
    ADD CONSTRAINT auth_group_name_key UNIQUE (name);


--
-- Name: auth_group_permissions_group_id_0cd325b0_uniq; Type: CONSTRAINT; Schema: public; Owner: bs_admin; Tablespace: 
--

ALTER TABLE ONLY auth_group_permissions
    ADD CONSTRAINT auth_group_permissions_group_id_0cd325b0_uniq UNIQUE (group_id, permission_id);


--
-- Name: auth_group_permissions_pkey; Type: CONSTRAINT; Schema: public; Owner: bs_admin; Tablespace: 
--

ALTER TABLE ONLY auth_group_permissions
    ADD CONSTRAINT auth_group_permissions_pkey PRIMARY KEY (id);


--
-- Name: auth_group_pkey; Type: CONSTRAINT; Schema: public; Owner: bs_admin; Tablespace: 
--

ALTER TABLE ONLY auth_group
    ADD CONSTRAINT auth_group_pkey PRIMARY KEY (id);


--
-- Name: auth_permission_content_type_id_01ab375a_uniq; Type: CONSTRAINT; Schema: public; Owner: bs_admin; Tablespace: 
--

ALTER TABLE ONLY auth_permission
    ADD CONSTRAINT auth_permission_content_type_id_01ab375a_uniq UNIQUE (content_type_id, codename);


--
-- Name: auth_permission_pkey; Type: CONSTRAINT; Schema: public; Owner: bs_admin; Tablespace: 
--

ALTER TABLE ONLY auth_permission
    ADD CONSTRAINT auth_permission_pkey PRIMARY KEY (id);


--
-- Name: auth_user_groups_pkey; Type: CONSTRAINT; Schema: public; Owner: bs_admin; Tablespace: 
--

ALTER TABLE ONLY auth_user_groups
    ADD CONSTRAINT auth_user_groups_pkey PRIMARY KEY (id);


--
-- Name: auth_user_groups_user_id_94350c0c_uniq; Type: CONSTRAINT; Schema: public; Owner: bs_admin; Tablespace: 
--

ALTER TABLE ONLY auth_user_groups
    ADD CONSTRAINT auth_user_groups_user_id_94350c0c_uniq UNIQUE (user_id, group_id);


--
-- Name: auth_user_pkey; Type: CONSTRAINT; Schema: public; Owner: bs_admin; Tablespace: 
--

ALTER TABLE ONLY auth_user
    ADD CONSTRAINT auth_user_pkey PRIMARY KEY (id);


--
-- Name: auth_user_user_permissions_pkey; Type: CONSTRAINT; Schema: public; Owner: bs_admin; Tablespace: 
--

ALTER TABLE ONLY auth_user_user_permissions
    ADD CONSTRAINT auth_user_user_permissions_pkey PRIMARY KEY (id);


--
-- Name: auth_user_user_permissions_user_id_14a6b632_uniq; Type: CONSTRAINT; Schema: public; Owner: bs_admin; Tablespace: 
--

ALTER TABLE ONLY auth_user_user_permissions
    ADD CONSTRAINT auth_user_user_permissions_user_id_14a6b632_uniq UNIQUE (user_id, permission_id);


--
-- Name: auth_user_username_key; Type: CONSTRAINT; Schema: public; Owner: bs_admin; Tablespace: 
--

ALTER TABLE ONLY auth_user
    ADD CONSTRAINT auth_user_username_key UNIQUE (username);


--
-- Name: django_admin_log_pkey; Type: CONSTRAINT; Schema: public; Owner: bs_admin; Tablespace: 
--

ALTER TABLE ONLY django_admin_log
    ADD CONSTRAINT django_admin_log_pkey PRIMARY KEY (id);


--
-- Name: django_content_type_app_label_76bd3d3b_uniq; Type: CONSTRAINT; Schema: public; Owner: bs_admin; Tablespace: 
--

ALTER TABLE ONLY django_content_type
    ADD CONSTRAINT django_content_type_app_label_76bd3d3b_uniq UNIQUE (app_label, model);


--
-- Name: django_content_type_pkey; Type: CONSTRAINT; Schema: public; Owner: bs_admin; Tablespace: 
--

ALTER TABLE ONLY django_content_type
    ADD CONSTRAINT django_content_type_pkey PRIMARY KEY (id);


--
-- Name: django_migrations_pkey; Type: CONSTRAINT; Schema: public; Owner: bs_admin; Tablespace: 
--

ALTER TABLE ONLY django_migrations
    ADD CONSTRAINT django_migrations_pkey PRIMARY KEY (id);


--
-- Name: django_session_pkey; Type: CONSTRAINT; Schema: public; Owner: bs_admin; Tablespace: 
--

ALTER TABLE ONLY django_session
    ADD CONSTRAINT django_session_pkey PRIMARY KEY (session_key);


--
-- Name: lessons_book_name_key; Type: CONSTRAINT; Schema: public; Owner: bs_admin; Tablespace: 
--

ALTER TABLE ONLY lessons_book
    ADD CONSTRAINT lessons_book_name_key UNIQUE (name);


--
-- Name: lessons_book_pkey; Type: CONSTRAINT; Schema: public; Owner: bs_admin; Tablespace: 
--

ALTER TABLE ONLY lessons_book
    ADD CONSTRAINT lessons_book_pkey PRIMARY KEY (id);


--
-- Name: lessons_lesson_name_key; Type: CONSTRAINT; Schema: public; Owner: bs_admin; Tablespace: 
--

ALTER TABLE ONLY lessons_lesson
    ADD CONSTRAINT lessons_lesson_name_key UNIQUE (name);


--
-- Name: lessons_lesson_pkey; Type: CONSTRAINT; Schema: public; Owner: bs_admin; Tablespace: 
--

ALTER TABLE ONLY lessons_lesson
    ADD CONSTRAINT lessons_lesson_pkey PRIMARY KEY (id);


--
-- Name: lessons_lesson_tags_lesson_id_0f34c304_uniq; Type: CONSTRAINT; Schema: public; Owner: bs_admin; Tablespace: 
--

ALTER TABLE ONLY lessons_lesson_tags
    ADD CONSTRAINT lessons_lesson_tags_lesson_id_0f34c304_uniq UNIQUE (lesson_id, tag_id);


--
-- Name: lessons_lesson_tags_pkey; Type: CONSTRAINT; Schema: public; Owner: bs_admin; Tablespace: 
--

ALTER TABLE ONLY lessons_lesson_tags
    ADD CONSTRAINT lessons_lesson_tags_pkey PRIMARY KEY (id);


--
-- Name: lessons_tag_name_key; Type: CONSTRAINT; Schema: public; Owner: bs_admin; Tablespace: 
--

ALTER TABLE ONLY lessons_tag
    ADD CONSTRAINT lessons_tag_name_key UNIQUE (name);


--
-- Name: lessons_tag_pkey; Type: CONSTRAINT; Schema: public; Owner: bs_admin; Tablespace: 
--

ALTER TABLE ONLY lessons_tag
    ADD CONSTRAINT lessons_tag_pkey PRIMARY KEY (id);


--
-- Name: auth_group_name_a6ea08ec_like; Type: INDEX; Schema: public; Owner: bs_admin; Tablespace: 
--

CREATE INDEX auth_group_name_a6ea08ec_like ON auth_group USING btree (name varchar_pattern_ops);


--
-- Name: auth_group_permissions_0e939a4f; Type: INDEX; Schema: public; Owner: bs_admin; Tablespace: 
--

CREATE INDEX auth_group_permissions_0e939a4f ON auth_group_permissions USING btree (group_id);


--
-- Name: auth_group_permissions_8373b171; Type: INDEX; Schema: public; Owner: bs_admin; Tablespace: 
--

CREATE INDEX auth_group_permissions_8373b171 ON auth_group_permissions USING btree (permission_id);


--
-- Name: auth_permission_417f1b1c; Type: INDEX; Schema: public; Owner: bs_admin; Tablespace: 
--

CREATE INDEX auth_permission_417f1b1c ON auth_permission USING btree (content_type_id);


--
-- Name: auth_user_groups_0e939a4f; Type: INDEX; Schema: public; Owner: bs_admin; Tablespace: 
--

CREATE INDEX auth_user_groups_0e939a4f ON auth_user_groups USING btree (group_id);


--
-- Name: auth_user_groups_e8701ad4; Type: INDEX; Schema: public; Owner: bs_admin; Tablespace: 
--

CREATE INDEX auth_user_groups_e8701ad4 ON auth_user_groups USING btree (user_id);


--
-- Name: auth_user_user_permissions_8373b171; Type: INDEX; Schema: public; Owner: bs_admin; Tablespace: 
--

CREATE INDEX auth_user_user_permissions_8373b171 ON auth_user_user_permissions USING btree (permission_id);


--
-- Name: auth_user_user_permissions_e8701ad4; Type: INDEX; Schema: public; Owner: bs_admin; Tablespace: 
--

CREATE INDEX auth_user_user_permissions_e8701ad4 ON auth_user_user_permissions USING btree (user_id);


--
-- Name: auth_user_username_6821ab7c_like; Type: INDEX; Schema: public; Owner: bs_admin; Tablespace: 
--

CREATE INDEX auth_user_username_6821ab7c_like ON auth_user USING btree (username varchar_pattern_ops);


--
-- Name: django_admin_log_417f1b1c; Type: INDEX; Schema: public; Owner: bs_admin; Tablespace: 
--

CREATE INDEX django_admin_log_417f1b1c ON django_admin_log USING btree (content_type_id);


--
-- Name: django_admin_log_e8701ad4; Type: INDEX; Schema: public; Owner: bs_admin; Tablespace: 
--

CREATE INDEX django_admin_log_e8701ad4 ON django_admin_log USING btree (user_id);


--
-- Name: django_session_de54fa62; Type: INDEX; Schema: public; Owner: bs_admin; Tablespace: 
--

CREATE INDEX django_session_de54fa62 ON django_session USING btree (expire_date);


--
-- Name: django_session_session_key_c0390e0f_like; Type: INDEX; Schema: public; Owner: bs_admin; Tablespace: 
--

CREATE INDEX django_session_session_key_c0390e0f_like ON django_session USING btree (session_key varchar_pattern_ops);


--
-- Name: lessons_book_2dbcba41; Type: INDEX; Schema: public; Owner: bs_admin; Tablespace: 
--

CREATE INDEX lessons_book_2dbcba41 ON lessons_book USING btree (slug);


--
-- Name: lessons_book_name_4c95daae_like; Type: INDEX; Schema: public; Owner: bs_admin; Tablespace: 
--

CREATE INDEX lessons_book_name_4c95daae_like ON lessons_book USING btree (name varchar_pattern_ops);


--
-- Name: lessons_book_slug_a11a783d_like; Type: INDEX; Schema: public; Owner: bs_admin; Tablespace: 
--

CREATE INDEX lessons_book_slug_a11a783d_like ON lessons_book USING btree (slug varchar_pattern_ops);


--
-- Name: lessons_lesson_c52923b0; Type: INDEX; Schema: public; Owner: bs_admin; Tablespace: 
--

CREATE INDEX lessons_lesson_c52923b0 ON lessons_lesson USING btree (prn_id);


--
-- Name: lessons_lesson_name_31fffb35_like; Type: INDEX; Schema: public; Owner: bs_admin; Tablespace: 
--

CREATE INDEX lessons_lesson_name_31fffb35_like ON lessons_lesson USING btree (name varchar_pattern_ops);


--
-- Name: lessons_lesson_tags_55174b7b; Type: INDEX; Schema: public; Owner: bs_admin; Tablespace: 
--

CREATE INDEX lessons_lesson_tags_55174b7b ON lessons_lesson_tags USING btree (lesson_id);


--
-- Name: lessons_lesson_tags_76f094bc; Type: INDEX; Schema: public; Owner: bs_admin; Tablespace: 
--

CREATE INDEX lessons_lesson_tags_76f094bc ON lessons_lesson_tags USING btree (tag_id);


--
-- Name: lessons_tag_2dbcba41; Type: INDEX; Schema: public; Owner: bs_admin; Tablespace: 
--

CREATE INDEX lessons_tag_2dbcba41 ON lessons_tag USING btree (slug);


--
-- Name: lessons_tag_name_63577d94_like; Type: INDEX; Schema: public; Owner: bs_admin; Tablespace: 
--

CREATE INDEX lessons_tag_name_63577d94_like ON lessons_tag USING btree (name varchar_pattern_ops);


--
-- Name: lessons_tag_slug_2331efab_like; Type: INDEX; Schema: public; Owner: bs_admin; Tablespace: 
--

CREATE INDEX lessons_tag_slug_2331efab_like ON lessons_tag USING btree (slug varchar_pattern_ops);


--
-- Name: auth_group_permiss_permission_id_84c5c92e_fk_auth_permission_id; Type: FK CONSTRAINT; Schema: public; Owner: bs_admin
--

ALTER TABLE ONLY auth_group_permissions
    ADD CONSTRAINT auth_group_permiss_permission_id_84c5c92e_fk_auth_permission_id FOREIGN KEY (permission_id) REFERENCES auth_permission(id) DEFERRABLE INITIALLY DEFERRED;


--
-- Name: auth_group_permissions_group_id_b120cbf9_fk_auth_group_id; Type: FK CONSTRAINT; Schema: public; Owner: bs_admin
--

ALTER TABLE ONLY auth_group_permissions
    ADD CONSTRAINT auth_group_permissions_group_id_b120cbf9_fk_auth_group_id FOREIGN KEY (group_id) REFERENCES auth_group(id) DEFERRABLE INITIALLY DEFERRED;


--
-- Name: auth_permiss_content_type_id_2f476e4b_fk_django_content_type_id; Type: FK CONSTRAINT; Schema: public; Owner: bs_admin
--

ALTER TABLE ONLY auth_permission
    ADD CONSTRAINT auth_permiss_content_type_id_2f476e4b_fk_django_content_type_id FOREIGN KEY (content_type_id) REFERENCES django_content_type(id) DEFERRABLE INITIALLY DEFERRED;


--
-- Name: auth_user_groups_group_id_97559544_fk_auth_group_id; Type: FK CONSTRAINT; Schema: public; Owner: bs_admin
--

ALTER TABLE ONLY auth_user_groups
    ADD CONSTRAINT auth_user_groups_group_id_97559544_fk_auth_group_id FOREIGN KEY (group_id) REFERENCES auth_group(id) DEFERRABLE INITIALLY DEFERRED;


--
-- Name: auth_user_groups_user_id_6a12ed8b_fk_auth_user_id; Type: FK CONSTRAINT; Schema: public; Owner: bs_admin
--

ALTER TABLE ONLY auth_user_groups
    ADD CONSTRAINT auth_user_groups_user_id_6a12ed8b_fk_auth_user_id FOREIGN KEY (user_id) REFERENCES auth_user(id) DEFERRABLE INITIALLY DEFERRED;


--
-- Name: auth_user_user_per_permission_id_1fbb5f2c_fk_auth_permission_id; Type: FK CONSTRAINT; Schema: public; Owner: bs_admin
--

ALTER TABLE ONLY auth_user_user_permissions
    ADD CONSTRAINT auth_user_user_per_permission_id_1fbb5f2c_fk_auth_permission_id FOREIGN KEY (permission_id) REFERENCES auth_permission(id) DEFERRABLE INITIALLY DEFERRED;


--
-- Name: auth_user_user_permissions_user_id_a95ead1b_fk_auth_user_id; Type: FK CONSTRAINT; Schema: public; Owner: bs_admin
--

ALTER TABLE ONLY auth_user_user_permissions
    ADD CONSTRAINT auth_user_user_permissions_user_id_a95ead1b_fk_auth_user_id FOREIGN KEY (user_id) REFERENCES auth_user(id) DEFERRABLE INITIALLY DEFERRED;


--
-- Name: django_admin_content_type_id_c4bce8eb_fk_django_content_type_id; Type: FK CONSTRAINT; Schema: public; Owner: bs_admin
--

ALTER TABLE ONLY django_admin_log
    ADD CONSTRAINT django_admin_content_type_id_c4bce8eb_fk_django_content_type_id FOREIGN KEY (content_type_id) REFERENCES django_content_type(id) DEFERRABLE INITIALLY DEFERRED;


--
-- Name: django_admin_log_user_id_c564eba6_fk_auth_user_id; Type: FK CONSTRAINT; Schema: public; Owner: bs_admin
--

ALTER TABLE ONLY django_admin_log
    ADD CONSTRAINT django_admin_log_user_id_c564eba6_fk_auth_user_id FOREIGN KEY (user_id) REFERENCES auth_user(id) DEFERRABLE INITIALLY DEFERRED;


--
-- Name: lessons_lesson_prn_id_4d1f01b2_fk_lessons_book_id; Type: FK CONSTRAINT; Schema: public; Owner: bs_admin
--

ALTER TABLE ONLY lessons_lesson
    ADD CONSTRAINT lessons_lesson_prn_id_4d1f01b2_fk_lessons_book_id FOREIGN KEY (prn_id) REFERENCES lessons_book(id) DEFERRABLE INITIALLY DEFERRED;


--
-- Name: lessons_lesson_tags_lesson_id_a85f5503_fk_lessons_lesson_id; Type: FK CONSTRAINT; Schema: public; Owner: bs_admin
--

ALTER TABLE ONLY lessons_lesson_tags
    ADD CONSTRAINT lessons_lesson_tags_lesson_id_a85f5503_fk_lessons_lesson_id FOREIGN KEY (lesson_id) REFERENCES lessons_lesson(id) DEFERRABLE INITIALLY DEFERRED;


--
-- Name: lessons_lesson_tags_tag_id_062d5db2_fk_lessons_tag_id; Type: FK CONSTRAINT; Schema: public; Owner: bs_admin
--

ALTER TABLE ONLY lessons_lesson_tags
    ADD CONSTRAINT lessons_lesson_tags_tag_id_062d5db2_fk_lessons_tag_id FOREIGN KEY (tag_id) REFERENCES lessons_tag(id) DEFERRABLE INITIALLY DEFERRED;


--
-- Name: public; Type: ACL; Schema: -; Owner: postgres
--

REVOKE ALL ON SCHEMA public FROM PUBLIC;
REVOKE ALL ON SCHEMA public FROM postgres;
GRANT ALL ON SCHEMA public TO postgres;
GRANT ALL ON SCHEMA public TO PUBLIC;


--
-- PostgreSQL database dump complete
--

